temperature_c,humidity_pct,comfort
25.6,82.8,comfortable
15.6,41.0,cold
10.1,77.5,cold
21.7,41.2,comfortable
16.4,51.2,cold
23.8,89.7,comfortable
25.6,89.2,comfortable
14.0,62.9,cold
10.9,56.0,cold
32.9,64.0,hot
22.4,37.3,comfortable
14.8,68.4,cold
19.2,20.3,comfortable
13.9,38.7,cold
22.7,79.3,comfortable
28.5,26.4,hot
22.7,81.0,hot
25.0,24.1,comfortable
18.1,30.5,comfortable
19.5,88.5,comfortable
25.1,64.7,comfortable
13.8,50.8,cold
20.1,26.8,comfortable
15.4,67.0,cold
31.9,66.4,hot
31.1,86.1,hot
24.2,30.2,comfortable
33.2,58.7,hot
32.1,64.9,hot
19.4,48.8,comfortable
11.0,81.3,cold
23.7,42.6,comfortable
10.6,46.1,cold
13.1,87.7,cold
20.7,56.7,comfortable
18.6,61.3,comfortable
18.9,56.3,comfortable
32.7,30.6,hot
10.1,72.7,cold
13.4,49.3,cold
10.4,64.0,cold
22.8,70.8,comfortable
15.0,45.4,cold
18.7,86.4,comfortable
18.5,39.0,cold
21.1,88.6,comfortable
23.0,82.8,comfortable
24.5,49.9,comfortable
20.3,84.6,comfortable
20.7,56.4,comfortable
16.3,76.4,cold
27.9,64.1,hot
18.3,47.9,cold
11.3,34.9,cold
31.0,27.9,hot
22.0,61.6,comfortable
17.7,87.3,comfortable
25.7,64.5,comfortable
11.5,48.8,cold
30.4,71.1,hot
32.8,76.1,hot
23.1,84.1,comfortable
10.8,21.4,cold
16.2,33.1,cold
11.0,61.3,cold
26.9,21.5,comfortable
33.5,57.7,hot
26.5,62.8,comfortable
24.4,22.8,comfortable
34.0,79.8,hot
18.5,42.3,cold
25.7,75.8,comfortable
31.6,75.8,hot
29.2,81.8,hot
24.3,64.7,comfortable
12.4,66.3,cold
30.6,76.2,hot
28.1,80.7,hot
14.0,21.9,cold
15.4,59.5,cold
19.5,37.7,cold
26.4,27.1,comfortable
13.3,66.4,cold
19.4,46.0,comfortable
15.4,37.3,cold
21.4,25.7,comfortable
24.5,41.0,comfortable
29.1,29.2,hot
13.3,25.7,cold
16.7,41.4,cold
25.5,33.1,comfortable
32.1,46.3,hot
12.4,70.9,cold
30.6,67.2,hot
11.6,56.3,cold
14.8,38.6,cold
28.7,82.8,hot
14.6,76.0,cold
28.0,89.8,hot
31.1,74.4,hot
26.0,32.9,comfortable
28.9,70.5,hot
19.5,49.4,comfortable
31.1,58.0,hot
23.7,70.5,comfortable
30.8,84.4,hot
13.4,73.2,cold
13.7,69.9,cold
33.0,28.6,hot
34.7,28.2,hot
24.4,51.2,comfortable
14.8,84.0,comfortable
29.2,24.7,comfortable
10.8,42.0,cold
28.0,51.9,hot
34.9,82.2,hot
16.2,47.6,cold
13.1,22.3,cold
13.1,32.3,cold
22.1,32.9,comfortable
16.6,56.9,cold
22.9,64.0,comfortable
19.9,75.4,comfortable
14.5,29.5,cold
34.5,85.9,hot
34.2,34.5,hot
22.4,84.0,comfortable
17.9,62.0,comfortable
15.9,52.6,cold
29.0,78.0,hot
27.7,79.5,hot
28.4,41.1,hot
28.9,31.6,hot
24.9,43.1,comfortable
13.9,56.0,cold
34.1,60.3,hot
17.0,76.1,comfortable
26.1,86.5,comfortable
20.4,68.4,comfortable
18.4,66.9,comfortable
23.8,73.8,comfortable
28.2,21.1,hot
21.7,48.6,comfortable
23.1,71.2,comfortable
24.1,59.1,comfortable
11.0,51.7,cold
23.8,25.2,comfortable
15.6,33.7,cold
14.9,51.8,cold
27.7,58.7,hot
21.6,63.4,comfortable
27.0,64.9,comfortable
24.0,47.7,comfortable
19.5,52.7,comfortable
22.6,43.7,comfortable
19.5,79.1,comfortable
21.2,69.9,comfortable
31.5,60.6,hot
26.6,67.4,hot
20.5,32.8,comfortable
17.3,50.2,cold
21.2,46.0,comfortable
33.7,82.2,hot
16.7,81.9,comfortable
27.1,25.1,comfortable
15.0,49.4,cold
30.7,53.2,hot
21.5,46.1,comfortable
15.0,42.2,cold
29.3,24.0,comfortable
30.4,51.2,hot
27.1,37.2,comfortable
19.4,64.6,comfortable
21.9,56.7,comfortable
15.1,87.3,cold
17.7,37.9,cold
20.6,74.0,comfortable
14.9,29.6,cold
29.2,54.2,hot
26.4,63.5,hot
28.8,44.1,hot
20.9,54.2,comfortable
21.0,64.8,comfortable
13.5,32.2,cold
34.0,21.8,hot
14.1,53.2,cold
21.5,31.4,comfortable
29.8,32.9,comfortable
20.2,49.2,comfortable
14.0,84.7,cold
26.7,23.5,comfortable
25.0,74.1,hot
33.8,82.0,hot
17.9,22.3,cold
32.9,89.3,hot
26.6,67.5,comfortable
33.8,62.6,hot
22.8,21.3,comfortable
27.3,49.5,hot
28.9,43.6,hot
